Category	N	Percent	Meaning
identical	3179	86.7	all trials gave the same value; SEM is exactly 0
scattered	488	13.3	unimodal spread; mean +/- SEM is a fair summary
two-state	1	0.0	discrete bistability; the mean is a value never sampled

# points NOT summarised well by mean +/- SEM
Key	PerTrial	Range
4I22/HIS+A0850_	-0.13;-0.27;-0.19	0.14
1XKK/LYS+A0852_	-0.22;-0.10;-0.21	0.12
1XKK/CYS-A0775_	+0.30;+0.19;+0.30	0.11
4I22/HIS+A0773_	+0.13;+0.21;+0.15	0.08
1XKK/LYS+A0745_	-0.44;-0.38;-0.37	0.07
5L2I/ASP-A0163_	+0.13;+0.06;+0.07	0.07
4AGD/ASP-A0809_	+0.02;+0.00;-0.03	0.05
