pdb,residue,inhibitor,x(run_cof2),y(run_kin),diff(y-x)
1XKK,FMM+A0091_,Lapatinib,0.860000,0.450000,-0.410000
2HYY,STI+A0600_,Imatinib,0.970000,0.990000,0.020000
2ITO,IRE+A2020_,Gefitinib,0.300000,0.780000,0.480000
2ITY,IRE+A2020_,Gefitinib,0.300000,0.400000,0.100000
2ITZ,IRE+A2021_,Gefitinib,0.310000,0.680000,0.370000
2WGJ,VGH+A2346_,Crizotinib,1.450000,0.990000,-0.460000
2XP2,VGH+A9000_,Crizotinib,1.760000,1.000000,-0.760000
2YFX,VGH+A9000_,Crizotinib,1.610000,1.000000,-0.610000
3AOX,EMH+A0901_,Alectinib,0.560000,0.870000,0.310000
3CS9,NIL+A0600_,Nilotinib,0.140000,0.350000,0.210000
3LXK,MI1+A1125_,Tofacitinib,0.030000,0.040000,0.010000
3PYY,STI+A0003_,Imatinib,0.970000,0.990000,0.020000
3UE4,DB8+A0601_,Bosutinib,0.940000,0.950000,0.010000
3UG2,IRE+A0001_,Gefitinib,1.000000,0.010000,-0.990000
3WZD,LEV-A1201_,Lenvatinib,0.000000,0.000000,0.000000
3WZE,BAX+A1201_,Sorafenib,0.000000,0.000000,0.000000
3ZOS,0LI+A1000_,Ponatinib,0.960000,1.000000,0.040000
4AG8,AXI+A2000_,Axitinib,0.000000,0.000000,0.000000
4AGC,AXI+A2000_,Axitinib,0.000000,0.000000,0.000000
4AGD,B49+A2000_,Sunitinib,0.990000,0.930000,-0.060000
4AN2,EUI+A1382_,Cobimetinib,0.970000,0.220000,-0.750000
4ANQ,VGH+A9000_,Crizotinib,1.760000,1.000000,-0.760000
4ANS,VGH+A9000_,Crizotinib,1.760000,1.000000,-0.760000
4ASD,BAX+A1500_,Sorafenib,0.000000,0.000000,0.000000
4G5J,0WN+A1101_,Afatinib,0.990000,0.940000,-0.050000
4G5P,0WN+A1101_,Afatinib,0.990000,0.970000,-0.020000
4I22,IRE+A9001_,Gefitinib,0.300000,0.410000,0.110000
4LMN,EUI+A0503_,Cobimetinib,0.970000,0.490000,-0.480000
4MKC,4MK+A1503_,Ceritinib,1.000000,1.000000,0.000000
4WKQ,IRE+A1101_,Gefitinib,0.300000,0.490000,0.190000
4ZAU,YY3+A1101_,Osimertinib,0.980000,0.980000,0.000000
5AAA,VGH+A9000_,Crizotinib,1.760000,1.000000,-0.760000
5AAB,VGH+A9000_,Crizotinib,1.760000,1.000000,-0.760000
5AAC,VGH+A9000_,Crizotinib,1.760000,1.000000,-0.760000
5L2I,LQQ+A0900_,Palbociclib,0.970000,0.990000,0.020000
5MO4,NIL+A0601_,Nilotinib,0.090000,0.340000,0.250000
