trial,pdb,residue,inhibitor,x(run_inhib),y(run_holo),diff(y-x)
Trial02,1XKK,FMM+A0091_,Lapatinib,0.950000,0.500000,-0.450000
Trial02,2EUF,LQQ+B0401_,Palbociclib,0.980000,1.000000,0.020000
Trial02,2HYY,STI+A0600_,Imatinib,0.970000,1.000000,0.030000
Trial02,2ITO,IRE+A2020_,Gefitinib,0.300000,0.800000,0.500000
Trial02,2ITY,IRE+A2020_,Gefitinib,0.300000,0.350000,0.050000
Trial02,2ITZ,IRE+A2021_,Gefitinib,0.300000,0.650000,0.350000
Trial02,2WGJ,VGH+A2346_,Crizotinib,1.610000,0.960000,-0.650000
Trial02,2XP2,VGH+A9000_,Crizotinib,1.610000,1.000000,-0.610000
Trial02,2YFX,VGH+A9000_,Crizotinib,1.610000,1.000000,-0.610000
Trial02,3AOX,EMH+A0901_,Alectinib,0.560000,0.900000,0.340000
Trial02,3CS9,NIL+A0600_,Nilotinib,0.090000,0.630000,0.540000
Trial02,3LXK,MI1+A1125_,Tofacitinib,0.030000,0.040000,0.010000
Trial02,3PYY,STI+A0003_,Imatinib,0.970000,1.000000,0.030000
Trial02,3UE4,DB8+A0601_,Bosutinib,0.940000,0.950000,0.010000
Trial02,3UG2,IRE+A0001_,Gefitinib,0.300000,0.010000,-0.290000
Trial02,3WZD,LEV-A1201_,Lenvatinib,-0.000000,-0.000000,0.000000
Trial02,3WZE,BAX+A1201_,Sorafenib,0.000000,0.000000,0.000000
Trial02,3ZOS,0LI+A1000_,Ponatinib,0.960000,1.000000,0.040000
Trial02,4AG8,AXI+A2000_,Axitinib,0.000000,0.000000,0.000000
Trial02,4AGC,AXI+A2000_,Axitinib,0.000000,0.000000,0.000000
Trial02,4AGD,B49+A2000_,Sunitinib,0.990000,0.920000,-0.070000
Trial02,4AN2,EUI+A1382_,Cobimetinib,0.990000,0.220000,-0.770000
Trial02,4ANQ,VGH+A9000_,Crizotinib,1.610000,1.000000,-0.610000
Trial02,4ANS,VGH+A9000_,Crizotinib,1.610000,1.000000,-0.610000
Trial02,4ASD,BAX+A1500_,Sorafenib,0.000000,0.000000,0.000000
Trial02,4G5J,0WN+A1101_,Afatinib,0.990000,0.940000,-0.050000
Trial02,4G5P,0WN+A1101_,Afatinib,0.990000,0.960000,-0.030000
Trial02,4I22,IRE+A9001_,Gefitinib,0.300000,0.490000,0.190000
Trial02,4LMN,EUI+A0503_,Cobimetinib,0.990000,0.530000,-0.460000
Trial02,4MKC,4MK+A1503_,Ceritinib,1.000000,1.000000,0.000000
Trial02,4WKQ,IRE+A1101_,Gefitinib,0.300000,0.490000,0.190000
Trial02,4ZAU,YY3+A1101_,Osimertinib,0.980000,0.990000,0.010000
Trial02,5AAA,VGH+A9000_,Crizotinib,1.610000,1.000000,-0.610000
Trial02,5AAB,VGH+A9000_,Crizotinib,1.610000,1.000000,-0.610000
Trial02,5AAC,VGH+A9000_,Crizotinib,1.610000,1.000000,-0.610000
Trial02,5L2I,LQQ+A0900_,Palbociclib,0.980000,0.990000,0.010000
Trial02,5MO4,NIL+A0601_,Nilotinib,0.090000,0.230000,0.140000
