pdb,residue,inhibitor,n_trials,x_mean(run_inhib),x_sd,x_sem,x_min,x_max,y_mean(run_holo),y_sd,y_sem,y_min,y_max,diff_mean(y-x),diff_sd,diff_sem,diff_min,diff_max,per_trial_x,per_trial_y
1XKK,FMM+A0091_,Lapatinib,3,0.950000,0.000000,0.000000,0.950000,0.950000,0.523333,0.005774,0.003333,0.520000,0.530000,-0.426667,0.005774,0.003333,-0.430000,-0.420000,0.95;0.95;0.95,0.52;0.52;0.53
2EUF,LQQ+B0401_,Palbociclib,3,0.980000,0.000000,0.000000,0.980000,0.980000,1.000000,0.000000,0.000000,1.000000,1.000000,0.020000,0.000000,0.000000,0.020000,0.020000,0.98;0.98;0.98,1.00;1.00;1.00
2HYY,STI+A0600_,Imatinib,3,0.970000,0.000000,0.000000,0.970000,0.970000,1.000000,0.000000,0.000000,1.000000,1.000000,0.030000,0.000000,0.000000,0.030000,0.030000,0.97;0.97;0.97,1.00;1.00;1.00
2ITO,IRE+A2020_,Gefitinib,3,0.300000,0.000000,0.000000,0.300000,0.300000,0.763333,0.040415,0.023333,0.720000,0.800000,0.463333,0.040415,0.023333,0.420000,0.500000,0.30;0.30;0.30,0.72;0.77;0.80
2ITY,IRE+A2020_,Gefitinib,3,0.300000,0.000000,0.000000,0.300000,0.300000,0.330000,0.026458,0.015275,0.300000,0.350000,0.030000,0.026458,0.015275,0.000000,0.050000,0.30;0.30;0.30,0.30;0.34;0.35
2ITZ,IRE+A2021_,Gefitinib,3,0.300000,0.000000,0.000000,0.300000,0.300000,0.646667,0.011547,0.006667,0.640000,0.660000,0.346667,0.011547,0.006667,0.340000,0.360000,0.30;0.30;0.30,0.64;0.64;0.66
2WGJ,VGH+A2346_,Crizotinib,3,1.610000,0.000000,0.000000,1.610000,1.610000,0.973333,0.005774,0.003333,0.970000,0.980000,-0.636667,0.005774,0.003333,-0.640000,-0.630000,1.61;1.61;1.61,0.98;0.97;0.97
2XP2,VGH+A9000_,Crizotinib,3,1.610000,0.000000,0.000000,1.610000,1.610000,1.000000,0.000000,0.000000,1.000000,1.000000,-0.610000,0.000000,0.000000,-0.610000,-0.610000,1.61;1.61;1.61,1.00;1.00;1.00
2YFX,VGH+A9000_,Crizotinib,3,1.610000,0.000000,0.000000,1.610000,1.610000,1.000000,0.000000,0.000000,1.000000,1.000000,-0.610000,0.000000,0.000000,-0.610000,-0.610000,1.61;1.61;1.61,1.00;1.00;1.00
3AOX,EMH+A0901_,Alectinib,3,0.560000,0.000000,0.000000,0.560000,0.560000,0.826667,0.063509,0.036667,0.790000,0.900000,0.266667,0.063509,0.036667,0.230000,0.340000,0.56;0.56;0.56,0.90;0.79;0.79
3CS9,NIL+A0600_,Nilotinib,3,0.090000,0.000000,0.000000,0.090000,0.090000,0.323333,0.248462,0.143450,0.170000,0.610000,0.233333,0.248462,0.143450,0.080000,0.520000,0.09;0.09;0.09,0.17;0.61;0.19
3LXK,MI1+A1125_,Tofacitinib,3,0.030000,0.000000,0.000000,0.030000,0.030000,0.050000,0.020000,0.011547,0.030000,0.070000,0.020000,0.020000,0.011547,0.000000,0.040000,0.03;0.03;0.03,0.03;0.07;0.05
3PYY,STI+A0003_,Imatinib,3,0.970000,0.000000,0.000000,0.970000,0.970000,1.000000,0.000000,0.000000,1.000000,1.000000,0.030000,0.000000,0.000000,0.030000,0.030000,0.97;0.97;0.97,1.00;1.00;1.00
3UE4,DB8+A0601_,Bosutinib,3,0.940000,0.000000,0.000000,0.940000,0.940000,0.956667,0.005774,0.003333,0.950000,0.960000,0.016667,0.005774,0.003333,0.010000,0.020000,0.94;0.94;0.94,0.96;0.96;0.95
3UG2,IRE+A0001_,Gefitinib,3,0.300000,0.000000,0.000000,0.300000,0.300000,0.013333,0.005774,0.003333,0.010000,0.020000,-0.286667,0.005774,0.003333,-0.290000,-0.280000,0.30;0.30;0.30,0.02;0.01;0.01
3WZD,LEV-A1201_,Lenvatinib,3,0.000000,0.000000,0.000000,-0.000000,-0.000000,0.000000,0.000000,0.000000,-0.000000,-0.000000,0.000000,0.000000,0.000000,0.000000,0.000000,-0.00;-0.00;-0.00,-0.00;-0.00;-0.00
3WZE,BAX+A1201_,Sorafenib,3,0.000000,0.000000,0.000000,0.000000,0.000000,0.000000,0.000000,0.000000,0.000000,0.000000,0.000000,0.000000,0.000000,0.000000,0.000000,0.00;0.00;0.00,0.00;0.00;0.00
3ZOS,0LI+A1000_,Ponatinib,3,0.960000,0.000000,0.000000,0.960000,0.960000,1.000000,0.000000,0.000000,1.000000,1.000000,0.040000,0.000000,0.000000,0.040000,0.040000,0.96;0.96;0.96,1.00;1.00;1.00
4AG8,AXI+A2000_,Axitinib,3,0.000000,0.000000,0.000000,0.000000,0.000000,0.000000,0.000000,0.000000,0.000000,0.000000,0.000000,0.000000,0.000000,0.000000,0.000000,0.00;0.00;0.00,0.00;0.00;0.00
4AGC,AXI+A2000_,Axitinib,3,0.000000,0.000000,0.000000,0.000000,0.000000,0.000000,0.000000,0.000000,0.000000,0.000000,0.000000,0.000000,0.000000,0.000000,0.000000,0.00;0.00;0.00,0.00;0.00;0.00
4AGD,B49+A2000_,Sunitinib,3,0.990000,0.000000,0.000000,0.990000,0.990000,0.893333,0.005774,0.003333,0.890000,0.900000,-0.096667,0.005774,0.003333,-0.100000,-0.090000,0.99;0.99;0.99,0.90;0.89;0.89
4AN2,EUI+A1382_,Cobimetinib,3,0.990000,0.000000,0.000000,0.990000,0.990000,0.246667,0.037859,0.021858,0.220000,0.290000,-0.743333,0.037859,0.021858,-0.770000,-0.700000,0.99;0.99;0.99,0.23;0.29;0.22
4ANQ,VGH+A9000_,Crizotinib,3,1.610000,0.000000,0.000000,1.610000,1.610000,1.000000,0.000000,0.000000,1.000000,1.000000,-0.610000,0.000000,0.000000,-0.610000,-0.610000,1.61;1.61;1.61,1.00;1.00;1.00
4ANS,VGH+A9000_,Crizotinib,3,1.610000,0.000000,0.000000,1.610000,1.610000,1.000000,0.000000,0.000000,1.000000,1.000000,-0.610000,0.000000,0.000000,-0.610000,-0.610000,1.61;1.61;1.61,1.00;1.00;1.00
4ASD,BAX+A1500_,Sorafenib,3,0.000000,0.000000,0.000000,0.000000,0.000000,0.000000,0.000000,0.000000,0.000000,0.000000,0.000000,0.000000,0.000000,0.000000,0.000000,0.00;0.00;0.00,0.00;0.00;0.00
4G5J,0WN+A1101_,Afatinib,3,0.990000,0.000000,0.000000,0.990000,0.990000,0.950000,0.000000,0.000000,0.950000,0.950000,-0.040000,0.000000,0.000000,-0.040000,-0.040000,0.99;0.99;0.99,0.95;0.95;0.95
4G5P,0WN+A1101_,Afatinib,3,0.990000,0.000000,0.000000,0.990000,0.990000,0.960000,0.000000,0.000000,0.960000,0.960000,-0.030000,0.000000,0.000000,-0.030000,-0.030000,0.99;0.99;0.99,0.96;0.96;0.96
4I22,IRE+A9001_,Gefitinib,3,0.300000,0.000000,0.000000,0.300000,0.300000,0.480000,0.036056,0.020817,0.450000,0.520000,0.180000,0.036056,0.020817,0.150000,0.220000,0.30;0.30;0.30,0.45;0.47;0.52
4LMN,EUI+A0503_,Cobimetinib,3,0.990000,0.000000,0.000000,0.990000,0.990000,0.520000,0.020000,0.011547,0.500000,0.540000,-0.470000,0.020000,0.011547,-0.490000,-0.450000,0.99;0.99;0.99,0.54;0.50;0.52
4MKC,4MK+A1503_,Ceritinib,3,1.000000,0.000000,0.000000,1.000000,1.000000,1.000000,0.000000,0.000000,1.000000,1.000000,0.000000,0.000000,0.000000,0.000000,0.000000,1.00;1.00;1.00,1.00;1.00;1.00
4WKQ,IRE+A1101_,Gefitinib,3,0.300000,0.000000,0.000000,0.300000,0.300000,0.473333,0.015275,0.008819,0.460000,0.490000,0.173333,0.015275,0.008819,0.160000,0.190000,0.30;0.30;0.30,0.49;0.46;0.47
4ZAU,YY3+A1101_,Osimertinib,3,0.980000,0.000000,0.000000,0.980000,0.980000,0.990000,0.000000,0.000000,0.990000,0.990000,0.010000,0.000000,0.000000,0.010000,0.010000,0.98;0.98;0.98,0.99;0.99;0.99
5AAA,VGH+A9000_,Crizotinib,3,1.610000,0.000000,0.000000,1.610000,1.610000,1.000000,0.000000,0.000000,1.000000,1.000000,-0.610000,0.000000,0.000000,-0.610000,-0.610000,1.61;1.61;1.61,1.00;1.00;1.00
5AAB,VGH+A9000_,Crizotinib,3,1.610000,0.000000,0.000000,1.610000,1.610000,1.000000,0.000000,0.000000,1.000000,1.000000,-0.610000,0.000000,0.000000,-0.610000,-0.610000,1.61;1.61;1.61,1.00;1.00;1.00
5AAC,VGH+A9000_,Crizotinib,3,1.610000,0.000000,0.000000,1.610000,1.610000,1.000000,0.000000,0.000000,1.000000,1.000000,-0.610000,0.000000,0.000000,-0.610000,-0.610000,1.61;1.61;1.61,1.00;1.00;1.00
5L2I,LQQ+A0900_,Palbociclib,3,0.980000,0.000000,0.000000,0.980000,0.980000,0.990000,0.000000,0.000000,0.990000,0.990000,0.010000,0.000000,0.000000,0.010000,0.010000,0.98;0.98;0.98,0.99;0.99;0.99
5MO4,NIL+A0601_,Nilotinib,3,0.090000,0.000000,0.000000,0.090000,0.090000,0.313333,0.145717,0.084130,0.210000,0.480000,0.223333,0.145717,0.084130,0.120000,0.390000,0.09;0.09;0.09,0.48;0.21;0.25
